n_points,n_orbits,time_cpp,time_conversion,time_numpy,time_total_cpp,throughput_cpp,throughput_numpy,speedup,memory_usage_mb
50,2500,0.056778599973767996,0.0001428000396117568,0.05114190001040697,0.05692140001337975,43920.21277432316,48883.59641490187,1.1130090982500982,0.3814697265625
100,10000,0.21806330000981688,0.0004539999645203352,0.20091089996276423,0.21851729997433722,45762.96705649578,49773.307480347496,1.0876328761398015,1.52587890625
150,22500,0.4486230000038631,0.0007913999725133181,0.45172210002783686,0.44941439997637644,50065.1514530525,49809.385014843116,0.9948913279839127,3.4332275390625
200,40000,0.7561931000091136,0.003506199980620295,0.7561803000280634,0.7596992999897338,52652.411290283584,52897.43728911679,1.0046536519948217,6.103515625
250,62500,1.194403900008183,0.0021702999947592616,1.163294699974358,1.1965742000029422,52232.44826760123,53726.712587427464,1.0286079701294244,9.5367431640625
